idx,lat,lon,type,grid10_lat,grid10_lon,grid25_lat,grid25_lon,len,PM10mean,PM10max,PM10min,PM25mean,PM25max,PM25min,grid10,grid25,n_idxs10,n_idxs25
131571,37.9176,127.0613,city,37.95,127.05,37.875,127.125,113.1,32.766884825585315,81.0,5.0,15.43047027865866,39.0,1.0,37.95_127.05,37.875_127.125,1,3
221241,35.1294,129.0454,city,35.15,129.05,35.125,129.125,107.5,31.2030961511149,70.0,8.0,14.714245135634142,34.0,3.0,35.15_129.05,35.125_129.125,6,19
437122,35.8507,129.2076,city,35.85,129.25,35.875,129.125,111.2,33.16591189790037,73.0,9.0,17.95924248662001,37.0,6.0,35.85_129.25,35.875_129.125,2,2
633471,36.1728,127.7778,city,36.15,127.75,36.125,127.875,112.7,31.104896052007856,71.0,8.0,17.815331482359316,44.0,3.0,36.15_127.75,36.125_127.875,1,2
221282,35.1744,128.9851,city,35.15,128.95,35.125,128.875,115.0,31.53379767827529,69.0,10.0,18.72112769485904,43.0,5.0,35.15_128.95,35.125_128.875,4,10
131161,37.4786,126.8652,city,37.45,126.85,37.375,126.875,110.5,38.3808109414934,92.0,9.0,19.897907024936107,56.0,2.0,37.45_126.85,37.375_126.875,3,29
735362,35.6738,127.2707,city,35.65,127.25,35.625,127.375,112.9,36.81633757100352,83.0,10.0,18.72761698674601,46.0,3.0,35.65_127.25,35.625_127.375,2,2
131411,37.2345,127.2014,city,37.25,127.25,37.125,127.125,114.1,35.62996655518395,90.0,6.0,22.61892976588629,57.0,4.0,37.25_127.25,37.125_127.125,1,9
132118,37.9054,127.7282,city,37.95,127.75,37.875,127.625,104.4,31.036907111013665,76.0,4.0,13.395965796974348,39.0,1.0,37.95_127.75,37.875_127.625,1,4
823681,37.5027,126.6746,city,37.55,126.65,37.625,126.625,108.9,35.21175811085418,82.0,9.0,20.20376988297947,49.0,5.0,37.55_126.65,37.625_126.625,4,11
131612,37.6762,127.4947,city,37.65,127.45,37.625,127.375,114.1,34.93231674692349,80.0,7.0,18.892121455323704,49.0,3.0,37.65_127.45,37.625_127.375,1,2
735161,35.4373,126.713,city,35.45,126.75,35.375,126.625,111.8,33.16856694203591,78.0,9.0,18.71925991670649,45.0,5.0,35.45_126.75,35.375_126.625,1,2
336112,34.8043,126.4346,city,34.85,126.45,34.875,126.375,106.1,31.15837169159954,72.0,8.0,13.92390678941312,32.0,2.0,34.85_126.45,34.875_126.375,1,4
111273,37.5027,127.0925,city,37.55,127.05,37.625,127.125,113.4,38.04172555353658,84.0,10.0,19.4604616730601,46.0,3.0,37.55_127.05,37.625_127.125,8,25
221283,35.1552,129.023,city,35.15,129.05,35.125,129.125,115.4,32.112638815441564,72.0,8.0,16.914331041776837,41.0,2.0,35.15_129.05,35.125_129.125,6,19
437123,35.8351,129.287,city,35.85,129.25,35.875,129.375,111.9,24.963927719058983,62.0,5.0,14.39727241732015,34.0,3.0,35.85_129.25,35.875_129.375,2,8
131202,37.4491,127.0023,city,37.45,127.05,37.375,127.125,113.2,36.02737693863789,84.0,7.0,17.608361429534728,46.0,2.0,37.45_127.05,37.375_127.125,1,14
131558,37.1665,126.7088,city,37.15,126.75,37.125,126.625,113.7,43.09921460696785,101.0,11.0,23.70853191917836,61.0,5.0,37.15_126.75,37.125_126.625,1,2
238511,35.5675,128.1654,city,35.55,128.15,35.625,128.125,114.3,29.326100020030715,62.0,10.0,17.669092608666624,36.0,5.0,35.55_128.15,35.625_128.125,1,1
735201,35.7972,127.4349,city,35.75,127.45,35.875,127.375,112.5,31.751237707697523,75.0,9.0,17.33238385893523,40.0,4.0,35.75_127.45,35.875_127.375,1,1
111311,37.6574,127.0679,city,37.65,127.05,37.625,127.125,114.6,36.67667421115697,85.0,8.0,21.097989615230997,51.0,3.0,37.65_127.05,37.625_127.125,4,25
437121,35.99,129.3977,city,35.95,129.35,35.875,129.375,102.2,40.88541977890648,95.0,10.0,21.123244696743352,49.0,5.0,35.95_129.35,35.875_129.375,5,8
633472,36.2295,127.9132,city,36.25,127.95,36.125,127.875,112.1,30.42866866321808,71.0,7.0,17.300843996732915,41.0,3.0,36.25_127.95,36.125_127.875,1,2
221281,35.1174,129.0157,city,35.15,129.05,35.125,129.125,113.2,31.622521915037087,69.0,9.0,15.232097100472016,35.0,3.0,35.15_129.05,35.125_129.125,6,19
238129,35.5593,129.2608,city,35.55,129.25,35.625,129.375,115.0,28.59238120520308,61.0,9.0,17.931444119989383,38.0,5.0,35.55_129.25,35.625_129.375,2,12
541114,36.527,127.3703,city,36.55,127.35,36.625,127.375,109.5,39.48411371237458,97.0,9.0,18.35054347826087,51.0,2.0,36.55_127.35,36.625_127.375,1,7
422114,35.8743,128.5841,city,35.85,128.55,35.875,128.625,113.5,33.34045986284792,78.0,8.0,17.495092107032406,43.0,3.0,35.85_128.55,35.875_128.625,7,16
238471,35.415,127.8741,city,35.45,127.85,35.375,127.875,95.3,28.098951244896327,64.0,8.0,15.266511888559762,32.0,3.0,35.45_127.85,35.375_127.875,1,1
525121,36.3161,127.4378,city,36.35,127.45,36.375,127.375,111.6,29.685354847531794,69.0,6.0,16.788390537399152,40.0,2.0,36.35_127.45,36.375_127.375,4,12
735361,35.6134,127.2794,city,35.65,127.25,35.625,127.375,113.9,32.69511623233068,78.0,7.0,18.104508608561662,44.0,3.0,35.65_127.25,35.625_127.375,2,2
131374,37.8308,126.8332,city,37.85,126.85,37.875,126.875,114.7,32.52172177499833,79.0,6.0,16.119552923957155,44.0,1.0,37.85_126.85,37.875_126.875,1,3
131412,37.3279,127.0951,city,37.35,127.05,37.375,127.125,113.6,36.4716626376578,91.0,7.0,19.63268869191512,52.0,3.0,37.35_127.05,37.375_127.125,2,14
632432,37.4899,127.9829,city,37.45,127.95,37.375,127.875,109.5,29.729501915708813,70.0,6.0,16.808707767328457,46.0,2.0,37.45_127.95,37.375_127.875,1,5
131413,37.2802,127.1151,city,37.25,127.15,37.375,127.125,114.0,36.80799089813947,89.0,7.0,19.764422433409184,52.0,3.0,37.25_127.15,37.375_127.125,1,14
823641,37.5,126.7243,city,37.45,126.75,37.625,126.625,110.5,38.12625983708408,90.0,10.0,23.09692116526301,57.0,5.0,37.45_126.75,37.625_126.625,7,11
336461,35.278,126.512,city,35.25,126.55,35.375,126.625,104.5,35.57808619430241,84.0,11.0,21.744411979547117,55.0,6.0,35.25_126.55,35.375_126.625,1,2
422115,35.8305,128.6316,city,35.85,128.65,35.875,128.625,114.0,30.36532155524326,72.0,7.0,15.304825001673024,37.0,2.0,35.85_128.65,35.875_128.625,5,16
131163,37.4455,126.888,city,37.45,126.85,37.375,126.875,110.0,39.73243149497052,93.0,10.0,20.848629899410337,53.0,2.0,37.45_126.85,37.375_126.875,3,29
131611,37.8312,127.5098,city,37.85,127.55,37.875,127.625,113.2,31.23946321397262,72.59999999999854,6.0,17.06635646368602,42.0,2.0,37.85_127.55,37.875_127.625,1,4
735162,35.5246,126.5511,city,35.55,126.55,35.625,126.625,108.8,33.58427439152697,78.0,9.0,16.009188468822334,43.0,1.0,35.55_126.55,35.625_126.625,1,2
336111,34.806,126.3916,city,34.85,126.35,34.875,126.375,111.0,33.70976616231086,79.0,8.0,12.95171939477304,28.0,3.0,34.85_126.35,34.875_126.375,1,4
238128,35.4363,129.3079,city,35.45,129.35,35.375,129.375,104.8,30.03525641025641,64.0,10.0,16.29363344988345,36.0,4.0,35.45_129.35,35.375_129.375,4,4
437120,35.9963,129.3522,city,35.95,129.35,35.875,129.375,109.7,34.53476233558355,73.0,12.0,18.231888092421183,42.0,4.0,35.95_129.35,35.875_129.375,5,8
131201,37.4239,126.9943,city,37.45,126.95,37.375,126.875,103.8,34.241323529411765,84.0,8.0,18.68875,49.0,3.0,37.45_126.95,37.375_126.875,5,29
336501,35.0621,126.5228,city,35.05,126.55,35.125,126.625,111.8,29.517924206213724,69.0,7.0,14.889450324342778,33.0,3.0,35.05_126.55,35.125_126.625,1,1
324115,35.1458,126.9233,city,35.15,126.95,35.125,126.875,113.7,28.60307444451903,69.0,7.0,15.792307175941463,37.0,4.0,35.15_126.95,35.125_126.875,2,12
336511,34.6063,127.2807,city,34.65,127.25,34.625,127.375,109.4,27.968331473214285,64.0,7.0,13.95703125,32.0,3.0,34.65_127.25,34.625_127.375,1,1
131211,37.5945,127.1297,city,37.55,127.15,37.625,127.125,114.9,34.66646750315342,80.0,7.0,18.25267211046936,44.0,3.0,37.55_127.15,37.625_127.125,3,25
437124,35.9907,129.227,city,35.95,129.25,35.875,129.125,113.7,28.38998523291717,69.0,5.0,17.52027117733924,42.0,3.0,35.95_129.25,35.875_129.125,1,2
221253,35.2295,129.1208,city,35.25,129.15,35.125,129.125,115.0,26.744341939337627,62.0,6.0,15.186367558239862,35.0,3.0,35.25_129.15,35.125_129.125,2,19
534411,36.2755,126.9113,city,36.25,126.95,36.375,126.875,107.8,34.03744072475051,79.0,8.0,18.19498902965532,42.0,2.0,36.25_126.95,36.375_126.875,1,3
437118,35.9668,129.4087,city,35.95,129.45,35.875,129.375,107.8,36.51917633739032,80.0,11.0,17.14555618454571,41.0,3.0,35.95_129.45,35.875_129.375,2,8
633463,36.9227,127.7574,city,36.95,127.75,36.875,127.875,113.1,38.18978200715394,89.0,9.0,21.832557197813323,54.0,3.0,36.95_127.75,36.875_127.875,1,6
221284,35.1052,128.9737,city,35.15,128.95,35.125,128.875,115.7,29.87047179148796,67.0,9.0,16.306961398878258,39.0,3.0,35.15_128.95,35.125_128.875,4,10
633311,37.0334,128.2957,city,37.05,128.25,37.125,128.375,98.1,41.16634263939653,103.0,10.0,21.87432926355082,52.0,4.0,37.05_128.25,37.125_128.375,1,2
111274,37.545,127.1368,city,37.55,127.15,37.625,127.125,111.8,36.87374599058214,86.0,8.0,19.65065174367024,48.0,2.0,37.55_127.15,37.625_127.125,3,25
131601,38.0964,127.0748,city,38.05,127.05,38.125,127.125,83.1,30.153323540213,76.0,5.0,12.709052515607786,35.0,0.0,38.05_127.05,38.125_127.125,1,1
541111,36.5925,127.2921,city,36.55,127.25,36.625,127.375,112.9,37.9209547636757,89.0,9.0,19.261275272161743,53.0,2.0,36.55_127.25,36.625_127.375,2,7
336471,34.675,126.9067,city,34.65,126.95,34.625,126.875,109.8,30.966142936596217,73.0,9.0,15.48991935483871,38.0,3.0,34.65_126.95,34.625_126.875,1,2
131417,37.1631,127.375,city,37.15,127.35,37.125,127.375,114.7,39.69496939047112,96.0,8.0,22.48422943838169,62.0,2.0,37.15_127.35,37.125_127.375,1,3
131371,37.7563,126.7739,city,37.75,126.75,37.875,126.875,80.8,40.47152705637926,84.0,9.0,22.95278118802531,59.0,1.0,37.75_126.75,37.875_126.875,2,3
823651,37.5417,126.6809,city,37.55,126.65,37.625,126.625,107.6,34.76012770485988,79.0,10.0,20.12543455125931,49.0,2.0,37.55_126.65,37.625_126.625,4,11
735371,36.0087,127.6621,city,36.05,127.65,36.125,127.625,110.1,30.261873396658117,68.0,9.0,16.139430076960412,39.0,3.0,36.05_127.65,36.125_127.625,1,1
131416,37.1411,127.1962,city,37.15,127.15,37.125,127.125,114.4,39.54001600640256,97.0,8.0,21.27284247032146,58.0,2.0,37.15_127.15,37.125_127.125,2,9
238461,34.8319,127.899,city,34.85,127.85,34.875,127.875,113.8,25.015892174612755,59.0,6.0,14.524777040166295,34.0,3.0,34.85_127.85,34.875_127.875,1,3
735601,36.4293,129.0564,city,36.45,129.05,36.375,129.125,115.4,29.40263262336288,67.0,8.0,13.242624685805,33.0,2.0,36.45_129.05,36.375_129.125,1,1
238111,35.2181,128.5739,city,35.25,128.55,35.125,128.625,111.3,31.344941047436247,68.0,10.0,16.70290649849191,37.0,4.0,35.25_128.55,35.125_128.625,2,10
336128,34.7539,127.7468,city,34.75,127.75,34.875,127.625,101.1,28.45624103299857,64.0,8.0,14.265196707694631,33.0,3.0,34.75_127.75,34.875_127.625,3,12
111261,37.5176,127.0481,city,37.55,127.05,37.625,127.125,115.4,35.30601851851852,81.0,9.0,18.67830687830688,44.0,4.0,37.55_127.05,37.625_127.125,8,25
633462,36.9289,127.6889,city,36.95,127.65,36.875,127.625,112.5,37.66748050186504,89.0,7.0,21.39844014920312,53.0,4.0,36.95_127.65,36.875_127.625,1,4
437119,35.9974,129.4054,city,35.95,129.45,35.875,129.375,110.9,44.668891947694426,92.0,15.0,20.08437715072264,46.0,4.0,35.95_129.45,35.875_129.375,2,8
111301,37.526,126.8566,city,37.55,126.85,37.625,126.875,114.5,37.39316182351373,88.0,9.0,20.93435083977606,53.0,4.0,37.55_126.85,37.625_126.875,3,16
437125,35.7157,129.3236,city,35.75,129.35,35.625,129.375,114.4,31.770000667244947,72.0,8.0,17.39207313004604,42.0,3.0,35.75_129.35,35.625_129.375,1,12
437131,36.1206,128.1161,city,36.15,128.15,36.125,128.125,113.9,32.25236149259731,74.0,6.0,17.255242178602533,42.0,2.0,36.15_128.15,36.125_128.125,3,3
131562,37.7926,127.0843,city,37.75,127.05,37.875,127.125,114.4,35.568960917700416,87.34999999999854,6.0,20.33506736027745,51.0,3.0,37.75_127.05,37.875_127.125,3,3
238501,35.5438,128.4905,city,35.55,128.45,35.625,128.375,114.6,29.250033293381275,61.0,10.0,16.664935410840325,35.0,5.0,35.55_128.45,35.625_128.375,1,3
131212,37.6186,127.1381,city,37.65,127.15,37.625,127.125,114.5,36.47203146876458,86.0,6.0,19.134675645043004,46.0,4.0,37.65_127.15,37.625_127.125,2,25
437133,36.1215,128.1839,city,36.15,128.15,36.125,128.125,105.9,39.01030110935024,83.0,10.0,16.17209335830572,37.0,4.0,36.15_128.15,36.125_128.125,3,3
633312,36.9392,128.3207,city,36.95,128.35,36.875,128.375,114.3,28.797249482608983,62.0,8.0,17.889912544228586,41.0,3.0,36.95_128.35,36.875_128.375,2,2
238113,35.2259,128.5033,city,35.25,128.55,35.125,128.625,110.8,26.55563205728449,62.0,7.0,14.523616083723493,33.0,2.0,35.25_128.55,35.125_128.625,2,10
541112,36.5119,127.2472,city,36.55,127.25,36.625,127.125,110.7,37.21904302261445,85.0,9.0,17.094663541092114,45.0,2.0,36.55_127.25,36.625_127.125,2,1
735171,35.7294,126.7199,city,35.75,126.75,35.625,126.625,111.9,38.64264776058354,91.0,11.0,20.8440248142341,54.0,4.0,35.75_126.75,35.625_126.625,1,2
823691,37.7645,126.4634,city,37.75,126.45,37.875,126.375,109.6,36.368673860076576,80.0,10.0,19.36749042812391,47.0,3.0,37.75_126.45,37.875_126.375,1,1
131372,37.7232,126.7564,city,37.75,126.75,37.625,126.875,113.4,40.2698882756764,92.0,8.0,20.09240813030017,49.0,3.0,37.75_126.75,37.625_126.875,2,16
823652,37.602,126.6614,city,37.65,126.65,37.625,126.625,111.7,40.46414424258981,93.0,10.0,21.7931293539134,53.0,4.0,37.65_126.65,37.625_126.625,2,11
131415,37.3295,127.2423,city,37.35,127.25,37.375,127.125,114.7,41.32406360188943,96.0,10.0,19.871931341893426,54.0,1.0,37.35_127.25,37.375_127.125,2,14
632151,37.525,129.1145,city,37.55,129.15,37.625,129.125,110.7,31.07212300903261,68.0,6.0,14.230159277390884,33.0,2.0,37.55_129.15,37.625_129.125,1,1
541113,36.4761,127.2514,city,36.45,127.25,36.375,127.375,113.4,33.65468497576737,81.0,8.0,17.462641357027465,45.0,2.0,36.45_127.25,36.375_127.375,1,12
238112,35.2176,128.6025,city,35.25,128.65,35.125,128.625,112.9,28.575,64.0,8.0,16.473378378378378,38.0,4.0,35.25_128.65,35.125_128.625,5,10
111262,37.5046,126.9945,city,37.55,126.95,37.625,126.875,111.3,36.25382346889788,89.0,6.0,18.092791989575478,52.0,1.0,37.55_126.95,37.625_126.875,4,16
633313,36.9872,128.3656,city,36.95,128.35,36.875,128.375,109.3,31.88659217877095,78.0,6.0,18.20719273743017,44.0,3.0,36.95_128.35,36.875_128.375,2,2
221251,35.2298,129.0927,city,35.25,129.05,35.125,129.125,102.9,27.81841109709962,62.0,7.0,14.48742674875751,34.0,3.0,35.25_129.05,35.125_129.125,4,19
437132,36.1441,128.1372,city,36.15,128.15,36.125,128.125,108.9,36.30566461020752,82.0,9.0,18.66839596186203,45.0,4.0,36.15_128.15,36.125_128.125,3,3
131561,37.7924,126.9872,city,37.75,126.95,37.875,126.875,113.5,35.75053806833468,87.0,6.0,19.58488027979553,52.0,2.0,37.75_126.95,37.875_126.875,1,3
238203,34.8808,128.6211,city,34.85,128.65,34.875,128.625,112.3,25.53466557911909,61.0,6.0,13.844956498096792,33.44999999999891,3.0,34.85_128.65,34.875_128.625,2,2
437431,37.0486,129.0653,city,37.05,129.05,37.125,129.125,114.6,25.09706215442009,61.0,4.0,13.71687429218573,30.0,3.0,37.05_129.05,37.125_129.125,1,1
437141,36.5683,128.728,city,36.55,128.75,36.625,128.625,110.9,32.4135938359934,71.0,8.0,15.941868464501926,36.0,3.0,36.55_128.75,36.625_128.625,1,1
633412,36.902,127.539,city,36.95,127.55,36.875,127.625,114.8,39.39135925556664,92.0,10.0,22.186905948820208,55.0,5.0,36.95_127.55,36.875_127.625,1,4
831152,37.5203,126.7737,city,37.55,126.75,37.625,126.875,113.4,41.30896607431341,101.0,6.0,21.464256865912763,61.0,0.0,37.55_126.75,37.625_126.875,4,16
238161,35.0677,127.7514,city,35.05,127.75,35.125,127.875,114.9,28.030627159181503,61.0,8.0,15.14396757905926,31.0,4.0,35.05_127.75,35.125_127.875,1,1
735117,35.8465,127.0627,city,35.85,127.05,35.875,127.125,114.6,36.821958852120645,80.0,11.0,21.587256142219854,51.0,5.0,35.85_127.05,35.875_127.125,2,9
633214,36.6325,127.3251,city,36.65,127.35,36.625,127.375,112.3,39.56055974458257,93.0,10.0,20.19461993071123,53.0,3.0,36.65_127.35,36.625_127.375,1,7
632122,37.3356,127.9771,city,37.35,127.95,37.375,127.875,114.1,36.98020199317772,83.0,8.0,19.60805297304528,51.0,1.0,37.35_127.95,37.375_127.875,2,5
238363,35.3106,128.9872,city,35.35,128.95,35.375,128.875,111.0,31.275734030117583,70.0,9.0,16.990098329093033,40.0,3.0,35.35_128.95,35.375_128.875,1,2
238377,35.4615,129.2091,city,35.45,129.25,35.375,129.125,114.7,32.054705177692,70.0,9.0,18.59084253959803,42.0,4.0,35.45_129.25,35.375_129.125,1,5
238411,34.8572,128.4324,city,34.85,128.45,34.875,128.375,112.5,28.608707446087077,64.0,8.0,15.596975450969754,36.0,3.0,34.85_128.45,34.875_128.375,1,2
437551,35.7262,128.2817,city,35.75,128.25,35.625,128.375,112.7,31.638962270541217,66.0,10.0,16.32879496037391,36.0,4.0,35.75_128.25,35.625_128.375,1,3
525141,36.3724,127.3739,city,36.35,127.35,36.375,127.375,112.6,33.415971798522136,80.0,8.0,18.281472442546267,44.0,2.0,36.35_127.35,36.375_127.375,5,12
632491,37.174,128.4625,city,37.15,128.45,37.125,128.375,114.3,29.396327212020037,66.0,7.0,15.255358931552587,38.0,1.0,37.15_128.45,37.125_128.375,1,2
221183,35.2334,129.0102,city,35.25,129.05,35.125,129.125,113.7,27.27790081202604,64.0,5.0,15.23682974297027,36.0,2.0,35.25_129.05,35.125_129.125,4,19
131472,37.6067,126.7628,city,37.65,126.75,37.625,126.875,103.8,40.03652263374486,90.0,11.0,23.35023515579071,56.0,6.0,37.65_126.75,37.625_126.875,3,16
131473,37.7151,126.5529,city,37.75,126.55,37.625,126.625,114.8,35.60705741626794,86.0,7.0,21.14520202020202,52.0,4.0,37.75_126.55,37.625_126.625,1,11
221182,35.2078,129.0062,city,35.25,129.05,35.125,129.125,115.3,32.00721519825247,69.0,9.0,16.66697557423711,37.0,3.0,35.25_129.05,35.125_129.125,4,19
238376,35.5679,129.3195,city,35.55,129.35,35.625,129.375,113.2,34.43519018073914,74.0,10.0,16.042284866468844,37.0,4.0,35.55_129.35,35.625_129.375,7,12
221141,35.0598,129.0799,city,35.05,129.05,35.125,129.125,114.6,25.87828750249684,63.0,5.0,10.563219921432852,27.0,2.0,35.05_129.05,35.125_129.125,3,19
238362,35.4144,129.172,city,35.45,129.15,35.375,129.125,111.0,31.332898082606008,70.5,8.0,15.974640918149955,36.0,4.0,35.45_129.15,35.375_129.125,1,5
422161,35.8653,128.64,city,35.85,128.65,35.875,128.625,113.8,33.04786485218207,76.0,8.0,16.108064624254208,40.0,2.0,35.85_128.65,35.875_128.625,5,16
131117,37.2526,126.9766,city,37.25,126.95,37.375,126.875,112.2,45.97131008226256,109.0,9.0,18.685906587803387,51.0,2.0,37.25_126.95,37.375_126.875,3,29
633215,36.5536,127.5485,city,36.55,127.55,36.625,127.625,109.8,35.5159160411454,83.0,8.0,19.34862385321101,49.0,3.0,36.55_127.55,36.625_127.625,1,3
534501,36.1072,127.4907,city,36.15,127.45,36.125,127.375,110.1,33.84517291565597,78.0,9.0,19.821054820153854,46.0,4.0,36.15_127.45,36.125_127.375,1,1
831153,37.4939,126.7701,city,37.45,126.75,37.375,126.875,112.9,37.87842130161519,93.0,7.0,18.892680948840983,54.0,1.0,37.45_126.75,37.375_126.875,7,29
437154,36.1372,128.4394,city,36.15,128.45,36.125,128.375,112.3,33.64999660256846,73.0,10.0,16.20615614595366,38.0,4.0,36.15_128.45,36.125_128.375,2,5
422203,35.8376,128.6976,city,35.85,128.65,35.875,128.625,113.2,31.916306986781763,75.0,8.0,16.92682762341516,41.0,2.0,35.85_128.65,35.875_128.625,5,16
336561,35.2157,127.461,city,35.25,127.45,35.125,127.375,111.3,33.508773132282386,79.0,8.0,11.414393420150788,28.0,1.0,35.25_127.45,35.125_127.375,1,1
534111,36.8143,127.1521,city,36.85,127.15,36.875,127.125,107.3,40.28371266002845,96.0,12.0,21.061379800853484,53.0,4.0,36.85_127.15,36.875_127.125,2,8
437432,36.8927,128.7316,city,36.85,128.75,36.875,128.625,33.5,23.38300296195033,52.0,4.0,12.751424014581907,29.0,2.0,36.85_128.75,36.875_128.625,1,3
339122,33.4602,126.9101,city,33.45,126.95,33.375,126.875,110.1,31.079376083188908,69.0,10.0,14.693171577123053,35.0,4.0,33.45_126.95,33.375_126.875,1,1
422201,35.7,128.46,city,35.65,128.45,35.625,128.375,100.0,32.56753663003663,77.0,8.0,15.30715811965812,39.0,1.0,35.65_128.45,35.625_128.375,1,3
221221,35.1811,129.0746,city,35.15,129.05,35.125,129.125,113.6,28.0226997985225,64.0,7.0,15.777367360644728,34.0,5.0,35.15_129.05,35.125_129.125,6,19
534463,36.7467,126.3015,city,36.75,126.35,36.625,126.375,91.7,39.02672772689426,92.0,8.0,16.562531223980017,44.0,2.0,36.75_126.35,36.625_126.375,1,1
437156,36.1061,128.4188,city,36.15,128.45,36.125,128.375,111.9,39.42534615646954,85.0,11.0,19.366959961803424,44.0,4.0,36.15_128.45,36.125_128.375,2,5
633363,36.8369,127.8745,city,36.85,127.85,36.875,127.875,113.1,33.26544792228818,79.0,7.0,20.848961144090666,53.0,3.0,36.85_127.85,36.875_127.875,1,6
633411,36.8551,127.4414,city,36.85,127.45,36.875,127.375,111.6,39.72270458740685,92.69999999999892,9.0,21.500307650235865,54.0,4.0,36.85_127.45,36.875_127.375,1,1
831151,37.48,126.7999,city,37.45,126.75,37.375,126.875,113.8,39.40762109217765,96.0,8.0,19.217160874815512,52.0,2.0,37.45_126.75,37.375_126.875,7,29
437181,36.4289,128.1578,city,36.45,128.15,36.375,128.125,94.7,35.91375836221488,78.0,10.0,21.047876198919965,47.0,5.0,36.45_128.15,36.375_128.125,1,1
534503,36.415,126.9454,city,36.45,126.95,36.375,126.875,111.1,34.36059045657398,87.0,7.0,19.225403364229315,51.0,3.0,36.45_126.95,36.375_126.875,1,3
238162,34.9659,127.7943,city,34.95,127.75,34.875,127.875,114.3,25.587092899092365,55.0,8.0,15.343766684463429,33.0,4.0,34.95_127.75,34.875_127.875,2,3
111212,37.5447,126.8351,city,37.55,126.85,37.625,126.875,115.3,40.37332098193608,92.0,10.0,19.339442863759675,49.0,3.0,37.55_126.85,37.625_126.875,3,16
735114,35.8515,127.087,city,35.85,127.05,35.875,127.125,108.7,40.65766018667977,89.0,12.0,18.423678854656465,43.0,4.0,35.85_127.05,35.875_127.125,2,9
131129,37.4329,127.1645,city,37.45,127.15,37.375,127.125,114.1,34.86675135388113,86.0,6.0,16.54496222504513,46.0,1.0,37.45_127.15,37.375_127.125,3,14
131115,37.2928,126.9753,city,37.25,126.95,37.375,126.875,112.7,38.82753014496681,95.0,7.0,18.16644086167186,51.0,1.0,37.25_126.95,37.375_126.875,3,29
632121,37.3528,127.9475,city,37.35,127.95,37.375,127.875,109.4,36.96468946266574,79.54999999999927,8.0,15.929727843684578,41.0,1.0,37.35_127.95,37.375_127.875,2,5
238374,35.6203,129.358,city,35.65,129.35,35.625,129.375,114.3,30.68487114434504,65.0,8.0,16.827613833622646,38.0,4.0,35.65_129.35,35.625_129.375,1,12
525142,36.3682,127.3185,city,36.35,127.35,36.375,127.375,114.8,32.79779314012231,78.0,7.0,18.432398298324912,46.0,4.0,36.35_127.35,36.375_127.375,5,12
823637,37.4556,126.6926,city,37.45,126.65,37.375,126.625,110.8,38.52843569264665,92.0,10.0,22.334549710823463,55.0,5.0,37.45_126.65,37.375_126.625,7,15
632451,38.075,128.6184,city,38.05,128.65,38.125,128.625,107.3,24.20982650739477,62.0,4.0,11.695179180887372,32.0,1.0,38.05_128.65,38.125_128.625,1,2
131471,37.6193,126.7168,city,37.65,126.75,37.625,126.625,114.6,37.81725584182145,89.0,8.0,21.43412555755276,51.0,5.0,37.65_126.75,37.625_126.625,3,11
437591,35.6498,128.7063,city,35.65,128.75,35.625,128.625,100.4,29.859174207284617,68.0,6.0,17.749220591589992,42.0,3.0,35.65_128.75,35.625_128.625,1,1
221181,35.1462,128.9842,city,35.15,128.95,35.125,128.875,114.2,36.90875693006479,81.0,11.0,19.52802084029123,43.0,5.0,35.15_128.95,35.125_128.875,4,10
525143,36.3352,127.3345,city,36.35,127.35,36.375,127.375,113.3,32.82740740740741,79.0,7.0,16.504242424242424,41.0,2.0,36.35_127.35,36.375_127.375,5,12
437221,35.9175,128.2901,city,35.95,128.25,35.875,128.375,113.0,34.439656919024785,73.0,11.0,18.73870466671169,43.0,4.0,35.95_128.25,35.875_128.375,1,4
238361,35.3458,129.041,city,35.35,129.05,35.375,129.125,114.9,24.154821997874603,51.0,8.0,15.051873007438894,31.0,4.0,35.35_129.05,35.375_129.125,1,5
221142,35.0908,129.0596,city,35.05,129.05,35.125,129.125,115.5,26.159785983222143,63.0,6.0,13.589338793843716,34.0,2.0,35.05_129.05,35.125_129.125,3,19
238375,35.5583,129.1138,city,35.55,129.15,35.625,129.125,106.5,30.36642314854605,64.0,10.0,17.207420140381036,36.0,5.0,35.55_129.15,35.625_129.125,1,2
131114,37.247,127.0563,city,37.25,127.05,37.125,127.125,113.7,36.66118421052632,84.0,8.0,20.73623791621912,47.0,4.0,37.25_127.05,37.125_127.125,4,9
131128,37.3905,127.0807,city,37.35,127.05,37.375,127.125,113.4,35.15101958409045,86.0,6.0,18.271956390066627,49.0,2.0,37.35_127.05,37.375_127.125,2,14
735115,35.8674,127.1175,city,35.85,127.15,35.875,127.125,113.9,38.95131261719797,91.0,10.0,22.25649611572462,54.0,3.0,35.85_127.15,35.875_127.125,2,9
534502,36.4552,126.8049,city,36.45,126.85,36.375,126.875,111.3,37.09549598957976,84.0,11.0,21.038870226914376,50.0,4.0,36.45_126.85,36.375_126.875,1,3
633362,36.8075,127.7893,city,36.85,127.75,36.875,127.875,115.3,34.144114921223355,77.0,9.0,19.966635773864688,48.0,5.0,36.85_127.75,36.875_127.875,1,6
111171,37.6542,127.029,city,37.65,127.05,37.625,127.125,114.0,32.888442749113295,81.0,5.0,17.820116442481428,47.0,2.0,37.65_127.05,37.625_127.125,4,25
238201,34.8636,128.6903,city,34.85,128.65,34.875,128.625,98.0,24.74268368617684,57.0,7.0,13.19450498132005,31.0,2.0,34.85_128.65,34.875_128.625,2,2
534112,36.8251,127.1106,city,36.85,127.15,36.875,127.125,93.1,41.85456780008193,98.79999999999929,10.0,21.11847603441213,59.0,2.0,36.85_127.15,36.875_127.125,2,8
111161,37.6067,127.0273,city,37.65,127.05,37.625,127.125,111.6,36.6142905982906,87.0,7.0,18.70960683760684,47.0,2.0,37.65_127.05,37.625_127.125,4,25
336572,34.7649,127.0782,city,34.75,127.05,34.875,127.125,108.1,31.602187720536342,75.0,7.0,15.32667607621736,38.0,3.0,34.75_127.05,34.875_127.125,1,1
534116,36.7844,127.1229,city,36.75,127.15,36.875,127.125,113.5,44.92268907563025,100.0,14.0,24.219025210084038,58.0,6.0,36.75_127.15,36.875_127.125,1,8
238211,35.0828,128.0912,city,35.05,128.05,35.125,128.125,102.6,30.122181709948656,65.0,10.0,15.127911302924325,33.0,4.0,35.05_128.05,35.125_128.125,1,5
437153,36.1108,128.3386,city,36.15,128.35,36.125,128.375,111.8,35.0446264073695,76.0,11.0,19.54725349709997,44.0,5.0,36.15_128.35,36.125_128.375,3,5
534472,36.6881,126.7392,city,36.65,126.75,36.625,126.625,111.4,42.5724171005755,101.0,10.0,23.115168539325843,59.0,4.0,36.65_126.75,36.625_126.625,1,3
422204,35.8167,128.5287,city,35.85,128.55,35.875,128.625,113.5,33.65494047218672,77.0,8.0,18.344723212484023,43.0,4.0,35.85_128.55,35.875_128.625,7,16
831154,37.528,126.7962,city,37.55,126.75,37.625,126.875,105.5,37.74008683068018,94.0,6.0,18.275036179450076,52.0,0.0,37.55_126.75,37.625_126.875,4,16
632124,37.3128,127.8173,city,37.35,127.85,37.375,127.875,97.2,32.424858668341706,72.0,8.0,18.72385364321608,44.0,3.0,37.35_127.85,37.375_127.875,2,5
735111,35.799,127.1218,city,35.75,127.15,35.875,127.125,112.0,37.39880100824307,84.0,9.900000000000093,18.682744056134613,43.0,4.0,35.75_127.15,35.875_127.125,2,9
823801,37.5945,126.6984,city,37.55,126.65,37.625,126.625,113.1,38.28536733454767,88.0,10.0,19.46427848613641,47.0,4.0,37.55_126.65,37.625_126.625,4,11
238371,35.4381,129.3376,city,35.45,129.35,35.375,129.375,114.3,32.086349672766126,71.0,9.0,19.502470949646053,43.0,6.0,35.45_129.35,35.375_129.375,4,4
221152,35.156,129.0638,city,35.15,129.05,35.125,129.125,97.5,32.03505203035756,73.0,7.0,16.103591268288866,38.0,3.0,35.15_129.05,35.125_129.125,6,19
131474,37.6533,126.6291,city,37.65,126.65,37.625,126.625,114.1,43.79753944905055,98.0,12.0,23.813586520460017,59.0,6.0,37.65_126.65,37.625_126.625,2,11
221191,35.2755,129.0895,city,35.25,129.05,35.375,129.125,114.8,25.314526847421583,59.0,6.0,14.80269803296119,34.0,3.0,35.25_129.05,35.375_129.125,4,5
437581,36.5768,128.4732,city,36.55,128.45,36.625,128.375,115.5,34.096821095763666,72.0,11.0,17.899213535126563,40.0,4.0,36.55_128.45,36.625_128.375,1,1
336361,34.5652,126.5992,city,34.55,126.55,34.625,126.625,106.0,28.96056135300468,67.0,6.0,13.893918675782656,36.0,1.0,34.55_126.55,34.625_126.625,1,1
633213,36.6137,127.4674,city,36.65,127.45,36.625,127.375,112.2,38.05677568504794,89.0,8.0,21.52750390970286,54.0,4.0,36.65_127.45,36.625_127.375,3,7
735138,36.0598,127.0835,city,36.05,127.05,36.125,127.125,115.4,39.04860789630315,87.0,11.0,21.56920838568878,50.0,5.0,36.05_127.05,36.125_127.125,1,4
131111,37.2838,127.0105,city,37.25,127.05,37.375,127.125,107.6,35.34201007163629,79.0,8.0,16.628909851762536,43.0,1.0,37.25_127.05,37.375_127.125,4,14
437191,35.9907,128.4185,city,35.95,128.45,35.875,128.375,95.4,36.46020954970807,79.0,11.0,20.98584339758458,45.89999999999964,6.0,35.95_128.45,35.875_128.375,1,4
221231,35.2387,129.2158,city,35.25,129.25,35.125,129.125,113.4,27.6475260854931,64.0,7.0,15.020868394479972,35.0,3.0,35.25_129.25,35.125_129.125,1,19
422205,35.8649,128.4572,city,35.85,128.45,35.875,128.375,109.4,31.81951321570542,73.0,7.0,16.792314666294722,39.0,3.0,35.85_128.45,35.875_128.375,2,4
437152,36.1308,128.3258,city,36.15,128.35,36.125,128.375,108.4,37.47514434586678,83.0,10.0,19.59315589353612,42.0,5.0,36.15_128.35,36.125_128.375,3,5
131501,37.3537,126.9452,city,37.35,126.95,37.375,126.875,115.0,40.66578196536394,95.5,10.0,21.50328445358636,53.0,5.0,37.35_126.95,37.375_126.875,7,29
632521,38.0602,128.1668,city,38.05,128.15,38.125,128.125,115.4,26.778402327734423,64.0,4.0,11.61327866684301,31.0,1.0,38.05_128.15,38.125_128.125,1,1
336571,34.8415,127.347,city,34.85,127.35,34.875,127.375,108.9,28.683388215511805,64.0,7.0,12.608071183353184,30.0,2.0,34.85_127.35,34.875_127.375,1,2
534115,36.8834,127.2074,city,36.85,127.25,36.875,127.125,113.1,44.78904405316063,115.0,10.0,23.608176482493423,62.0,4.0,36.85_127.25,36.875_127.125,1,8
534465,36.8242,126.2572,city,36.85,126.25,36.875,126.375,109.0,32.41454876426521,81.0,8.0,17.193516768185955,45.0,2.0,36.85_126.25,36.875_126.375,2,6
422207,35.859,128.5519,city,35.85,128.55,35.875,128.625,113.9,35.23471849865952,81.0,8.0,18.518565683646116,47.0,3.0,35.85_128.55,35.875_128.625,7,16
534471,36.6774,126.8489,city,36.65,126.85,36.625,126.875,111.5,34.000821242814126,81.0,9.0,20.03462907199562,48.0,5.0,36.65_126.85,36.625_126.875,1,1
221233,35.3256,129.1802,city,35.35,129.15,35.375,129.125,110.1,26.69332039911308,61.0,7.0,16.04351441241685,36.0,4.0,35.35_129.15,35.375_129.125,1,5
336161,35.3032,126.7854,city,35.35,126.75,35.375,126.875,106.7,31.35641227380016,74.0,8.0,17.392246620413417,41.0,3.0,35.35_126.75,35.375_126.875,1,2
131113,37.2908,127.064,city,37.25,127.05,37.375,127.125,96.8,36.79971624497517,81.0,10.0,16.883345156459367,43.0,2.0,37.25_127.05,37.375_127.125,4,14
633211,36.7134,127.4172,city,36.75,127.45,36.625,127.375,112.7,36.20307317403371,87.0,7.0,20.08095850538144,48.0,5.0,36.75_127.45,36.625_127.375,1,7
525144,36.4252,127.3959,city,36.45,127.35,36.375,127.375,115.0,35.27056794055202,84.0,8.0,18.48812367303609,49.0,1.0,36.45_127.35,36.375_127.375,1,12
422171,35.8379,128.4887,city,35.85,128.45,35.875,128.375,106.1,33.51251798561151,77.0,9.0,17.157553956834533,42.0,3.0,35.85_128.45,35.875_128.375,2,4
221192,35.1706,129.1742,city,35.15,129.15,35.125,129.125,114.7,29.358411494711635,64.0,9.0,13.413955963546863,33.0,2.0,35.15_129.15,35.125_129.125,4,19
221193,35.1832,129.121,city,35.15,129.15,35.125,129.125,110.8,28.825299545517147,67.0,8.0,16.320134967635312,36.0,5.0,35.15_129.15,35.125_129.125,4,19
238373,35.4931,129.3059,city,35.45,129.35,35.375,129.375,115.0,30.267396351575456,67.0,8.0,14.095854063018242,33.0,3.0,35.45_129.35,35.375_129.375,4,4
238401,35.4937,128.7542,city,35.45,128.75,35.375,128.875,112.9,28.454865102441005,61.0,8.0,15.057272296977484,32.0,4.0,35.45_128.75,35.375_128.875,1,2
422158,35.8933,128.6021,city,35.85,128.65,35.875,128.625,114.2,31.92309234264333,74.0,8.0,16.0384204196178,39.0,3.0,35.85_128.65,35.875_128.625,5,16
823803,37.5128,126.7364,city,37.55,126.75,37.625,126.625,107.6,34.94844337281044,80.0,9.0,20.278207219346147,48.0,5.0,37.55_126.75,37.625_126.625,4,11
632481,37.6838,127.8803,city,37.65,127.85,37.625,127.875,114.9,31.583654485049838,74.0,6.0,17.976013289036544,48.0,2.0,37.65_127.85,37.625_127.875,1,1
131112,37.2634,127.0292,city,37.25,127.05,37.375,127.125,113.0,37.03976505536052,93.0,8.0,19.99925735889819,55.0,2.0,37.25_127.05,37.375_127.125,4,14
632132,37.76,128.903,city,37.75,128.95,37.875,128.875,105.1,29.239070442992013,63.0,8.0,15.352360203340597,35.0,2.0,37.75_128.95,37.875_128.875,1,1
632126,37.3723,127.8751,city,37.35,127.85,37.375,127.875,102.4,33.878839844915,77.0,8.0,20.46093050999105,47.0,4.0,37.35_127.85,37.375_127.875,2,5
534510,36.287,127.2379,city,36.25,127.25,36.375,127.125,109.6,36.65142340084917,85.0,9.0,16.854875756942995,42.0,2.0,36.25_127.25,36.375_127.125,1,3
111201,37.5556,126.9056,city,37.55,126.95,37.625,126.875,114.3,32.88218409985982,73.0,9.0,19.09692276884053,47.0,3.0,37.55_126.95,37.625_126.875,4,16
422206,35.8344,128.5411,city,35.85,128.55,35.875,128.625,112.8,36.53309420682187,86.0,8.75,18.667365998917163,47.0,3.0,35.85_128.55,35.875_128.625,7,16
437151,36.1019,128.3858,city,36.15,128.35,36.125,128.375,111.6,36.50075198249932,76.0,12.0,21.138638228055783,48.0,5.0,36.15_128.35,36.125_128.375,3,5
131502,37.3617,126.9336,city,37.35,126.95,37.375,126.875,114.1,36.30825307651151,87.0,8.0,17.209403424291065,47.0,1.0,37.35_126.95,37.375_126.875,7,29
324148,35.1238,126.7696,city,35.15,126.75,35.125,126.875,114.2,34.434556023251154,80.0,8.0,18.972272332464755,45.0,4.0,35.15_126.75,35.125_126.875,1,12
111152,37.5758,127.0289,city,37.55,127.05,37.625,127.125,110.1,37.28274284129515,84.0,9.100000000000025,19.73777993482632,48.0,3.0,37.55_127.05,37.625_127.125,8,25
336541,34.6446,126.7707,city,34.65,126.75,34.625,126.875,99.9,28.21478765658417,61.0,9.0,14.618698441796518,33.0,3.0,34.65_126.75,34.625_126.875,1,2
339114,33.4094,126.2681,city,33.45,126.25,33.375,126.375,110.6,29.82614694722318,67.0,10.0,15.249465332873404,36.0,3.0,33.45_126.25,33.375_126.375,1,1
131241,37.6356,127.2162,city,37.65,127.25,37.625,127.125,106.6,34.08644007155635,76.0,7.0,16.805652951699464,44.0,1.0,37.65_127.25,37.625_127.125,2,25
111191,37.5938,126.9497,city,37.55,126.95,37.625,126.875,113.7,33.48335347026447,80.0,6.0,16.943348100416163,45.0,1.0,37.55_126.95,37.625_126.875,4,16
534441,36.7829,127.0145,city,36.75,127.05,36.875,127.125,113.6,44.08278457196614,101.0,11.0,23.09622362585674,57.0,5.0,36.75_127.05,36.875_127.125,2,8
534482,36.3908,126.5693,city,36.35,126.55,36.375,126.625,107.3,37.18022056207755,93.0,9.0,20.17787264318748,54.0,3.0,36.35_126.55,36.375_126.625,2,2
336151,35.321,126.9882,city,35.35,126.95,35.375,126.875,106.6,35.5948189494776,85.0,9.0,16.760841562902534,39.0,2.0,35.35_126.95,35.375_126.875,1,2
735122,35.9733,126.6514,city,35.95,126.65,35.875,126.625,113.8,42.553595385028174,99.0,10.0,20.368929433861013,51.0,5.0,35.95_126.65,35.875_126.625,1,6
238183,35.2024,128.8072,city,35.25,128.85,35.125,128.875,115.0,30.232846715328467,64.0,10.0,15.965096217650965,33.0,4.0,35.25_128.85,35.125_128.875,2,10
132402,38.1092,127.9898,city,38.15,127.95,38.125,127.875,99.7,23.401851993571597,56.0,5.0,13.790694114946048,38.0,1.0,38.15_127.95,38.125_127.875,1,1
735136,36.078,126.9663,city,36.05,126.95,36.125,126.875,107.0,42.608869242834736,96.0,12.0,21.415585341508628,56.0,2.0,36.05_126.95,36.125_126.875,2,3
131123,37.3615,127.1114,city,37.35,127.15,37.375,127.125,113.8,34.67153871940999,88.0,6.0,18.32376801877305,50.0,2.0,37.35_127.15,37.375_127.125,2,14
422141,35.8455,128.5711,city,35.85,128.55,35.875,128.625,114.2,33.2688710754843,79.0,8.0,16.98997995991984,41.0,4.0,35.85_128.55,35.875_128.625,7,16
422155,35.923,128.5507,city,35.95,128.55,35.875,128.625,113.4,31.54511202314472,71.0,7.0,14.81753347238108,36.0,2.0,35.95_128.55,35.875_128.625,1,16
238381,35.5088,129.4267,city,35.55,129.45,35.625,129.375,113.9,31.334025452109845,69.0,10.0,15.164166108506365,36.0,3.0,35.55_129.45,35.625_129.375,2,12
131453,37.8535,127.1592,city,37.85,127.15,37.875,127.125,111.7,38.62495731165904,94.0,6.0,21.63677344443685,61.0,0.0,37.85_127.15,37.875_127.125,1,3
632472,38.1471,127.3125,city,38.15,127.35,38.125,127.375,112.9,33.003311258278146,78.0,7.0,16.0414245168266,41.0,1.0,38.15_127.35,38.125_127.375,1,1
437203,36.5375,129.4072,city,36.55,129.45,36.625,129.375,114.7,28.506056975505857,64.0,7.0,14.749001597444089,31.0,4.0,36.55_129.45,36.625_129.375,1,1
437571,36.6667,129.1124,city,36.65,129.15,36.625,129.125,115.4,28.395227392913803,66.0,7.0,14.139410364886304,36.0,2.0,36.65_129.15,36.625_129.125,1,1
525161,36.3444,127.4372,city,36.35,127.45,36.375,127.375,111.5,35.50478927203065,85.0,7.0,17.831143951833607,45.0,2.0,36.35_127.45,36.375_127.375,4,12
422154,35.8898,128.6331,city,35.85,128.65,35.875,128.625,113.8,33.39160464024676,78.0,8.0,16.123449339502447,39.0,2.0,35.85_128.65,35.875_128.625,5,16
238431,35.6814,127.9179,city,35.65,127.95,35.625,127.875,100.3,30.34279193609737,68.0,8.0,16.683605933815137,40.0,3.0,35.65_127.95,35.625_127.875,1,1
221174,35.1279,129.116,city,35.15,129.15,35.125,129.125,114.9,27.445603081827844,65.0,7.0,13.416578108395324,34.0,2.0,35.15_129.15,35.125_129.125,4,19
335115,35.8287,127.148,city,35.85,127.15,35.875,127.125,103.6,36.05274790039782,85.0,8.0,17.550611463091204,43.0,3.0,35.85_127.15,35.875_127.125,2,9
735137,35.9011,127.0053,city,35.95,127.05,35.875,127.125,111.1,39.89078170078307,94.0,8.0,22.95596922654211,60.0,1.0,35.95_127.05,35.875_127.125,2,9
238182,35.2443,128.9118,city,35.25,128.95,35.125,128.875,112.4,25.96204508419337,61.0,6.0,12.671645844649646,30.0,2.0,35.25_128.95,35.125_128.875,2,10
735123,35.9639,126.7532,city,35.95,126.75,35.875,126.875,113.1,38.82959913618572,91.0,10.0,21.09609933864219,52.0,4.0,35.95_126.75,35.875_126.875,3,3
111231,37.525,126.8974,city,37.55,126.85,37.625,126.875,115.4,34.89534268324954,79.0,10.0,19.08249536914528,49.0,3.0,37.55_126.85,37.625_126.875,3,16
238141,35.2403,128.644,city,35.25,128.65,35.125,128.625,114.7,27.2321713677488,56.0,8.0,15.053485896753592,31.0,4.0,35.25_128.65,35.125_128.625,5,10
437161,36.8212,128.6132,city,36.85,128.65,36.875,128.625,113.1,41.16602577076166,82.0,13.0,20.58760035080618,48.0,4.0,36.85_128.65,36.875_128.625,2,3
221202,35.083,128.9669,city,35.05,128.95,35.125,128.875,113.8,33.923195599678024,73.0,10.0,18.295009390931043,41.0,5.0,35.05_128.95,35.125_128.875,1,10
111151,37.5849,127.094,city,37.55,127.05,37.625,127.125,115.5,35.313462428127686,80.0,9.0,19.431101711717663,47.0,3.0,37.55_127.05,37.625_127.125,8,25
533113,36.6661,127.4749,city,36.65,127.45,36.625,127.375,110.5,39.1353591160221,93.0,7.0,22.923273480662985,55.0,5.0,36.65_127.45,36.625_127.375,3,7
131242,37.6987,127.2047,city,37.65,127.25,37.625,127.125,101.8,34.808481942154955,79.0,6.0,18.942604525700585,46.0,3.0,37.65_127.25,37.625_127.125,2,25
534442,36.7738,127.0539,city,36.75,127.05,36.875,127.125,111.8,49.63919426425401,109.0,15.0,23.343530215090475,55.0,5.0,36.75_127.05,36.875_127.125,2,8
422208,35.8876,128.5844,city,35.85,128.55,35.875,128.625,114.1,32.59701592399304,77.0,7.0,17.808845175966812,46.0,2.0,35.85_128.55,35.875_128.625,7,16
534481,36.3531,126.5897,city,36.35,126.55,36.375,126.625,109.8,35.93752171797901,84.0,10.0,20.04128153450553,49.0,3.0,36.35_126.55,36.375_126.625,2,2
238143,35.1994,128.7111,city,35.15,128.75,35.125,128.625,114.4,23.99413059427733,53.0,7.0,14.186687120656304,31.0,4.0,35.15_128.75,35.125_128.625,1,10
735135,36.1097,126.9918,city,36.15,126.95,36.125,126.875,96.4,41.3596928678857,93.0,12.0,22.721918784136783,58.0,3.0,36.15_126.95,36.125_126.875,1,3
735121,35.9729,126.7007,city,35.95,126.75,35.875,126.625,112.9,40.67533959586402,96.0,9.0,20.635534229911467,51.0,5.0,35.95_126.75,35.875_126.625,3,6
131444,37.2833,127.4867,city,37.25,127.45,37.375,127.375,114.4,45.99886553219886,106.0,11.0,26.006873540206872,64.0,5.0,37.25_127.45,37.375_127.375,2,5
525162,36.3025,127.4601,city,36.35,127.45,36.375,127.375,115.0,29.426249087651783,72.0,6.0,16.544290358967555,41.0,2.0,36.35_127.45,36.375_127.375,4,12
221163,35.2049,129.1043,city,35.25,129.15,35.125,129.125,112.5,27.4846654905686,62.0,7.0,16.79183064187814,38.0,4.0,35.25_129.15,35.125_129.125,2,19
131121,37.4494,127.1554,city,37.45,127.15,37.375,127.125,112.6,36.198414311852005,84.0,6.0,18.3865284271871,48.0,3.0,37.45_127.15,37.375_127.125,3,14
238181,35.2369,128.8834,city,35.25,128.85,35.125,128.875,111.7,31.489105935386927,72.0,9.0,17.437060310088107,39.0,4.0,35.25_128.85,35.125_128.875,2,10
735134,35.9546,126.9414,city,35.95,126.95,35.875,126.875,113.6,38.562533584094574,93.0,6.0,21.122917786136487,52.0,4.0,35.95_126.95,35.875_126.875,1,3
238142,35.2115,128.6575,city,35.25,128.65,35.125,128.625,114.3,28.85974754558205,60.0,9.0,15.86736125025045,34.0,4.0,35.25_128.65,35.125_128.625,5,10
422209,35.7973,128.505,city,35.75,128.55,35.875,128.625,114.0,29.52740413571572,70.0,6.0,15.910392826072409,39.0,2.0,35.75_128.55,35.875_128.625,1,16
437162,36.8287,128.6262,city,36.85,128.65,36.875,128.625,114.1,39.28751002941963,85.0,12.0,23.43113131853437,56.0,6.0,36.85_128.65,36.875_128.625,2,3
534443,36.7625,126.8887,city,36.75,126.85,36.875,126.875,111.5,41.823561606348775,94.0,11.0,24.63152493671752,59.0,6.0,36.75_126.85,36.875_126.875,1,4
131531,37.1592,127.0771,city,37.15,127.05,37.125,127.125,102.3,40.33763713709978,93.0,10.0,20.73386073587581,55.0,1.0,37.15_127.05,37.125_127.125,2,9
632511,37.1629,128.9867,city,37.15,128.95,37.125,128.875,115.4,23.860940289625077,62.0,2.0,10.520068769424055,26.0,1.0,37.15_128.95,37.125_128.875,1,1
131243,37.6529,127.1159,city,37.65,127.15,37.625,127.125,115.2,35.79012591119947,85.0,6.0,18.13194168323393,47.0,2.0,37.65_127.15,37.625_127.125,2,25
533112,36.6447,127.4368,city,36.65,127.45,36.625,127.375,106.6,41.06462925851704,97.0,9.0,20.64657887202977,51.0,4.0,36.65_127.45,36.625_127.375,3,7
437412,36.3527,128.697,city,36.35,128.65,36.375,128.625,115.1,27.976466688763672,64.0,6.0,15.17673185283394,38.0,2.0,36.35_128.65,36.375_128.625,1,1
324143,35.1576,126.8101,city,35.15,126.85,35.125,126.875,113.9,32.06576920500971,78.0,7.0,17.807313642756682,42.0,3.0,35.15_126.85,35.125_126.875,4,12
339112,33.4886,126.5001,city,33.45,126.55,33.375,126.625,113.0,31.65919524709695,76.0,9.0,15.639346475830408,36.0,4.0,33.45_126.55,33.375_126.625,1,2
437402,35.9729,128.9378,city,35.95,128.95,35.875,128.875,114.3,33.209415692821366,77.0,8.0,18.867579298831387,42.0,3.0,35.95_128.95,35.875_128.875,1,2
131247,37.7264,127.1898,city,37.75,127.15,37.625,127.125,114.3,37.46239647341704,80.0,8.0,16.528185947101257,38.0,2.0,37.75_127.15,37.625_127.125,2,25
632501,38.1064,127.7084,city,38.15,127.75,38.125,127.625,105.6,29.969418739155586,72.0,5.0,16.386133603238868,45.0,1.0,38.15_127.75,38.125_127.625,1,1
735520,36.0762,126.6979,city,36.05,126.65,36.125,126.625,112.9,36.05177424805677,90.0,8.0,17.737952010814464,44.0,3.0,36.05_126.65,36.125_126.625,2,3
437172,35.9126,128.8145,city,35.95,128.85,35.875,128.875,101.0,36.04101208459215,79.0,11.0,19.015785498489425,44.0,4.0,35.95_128.85,35.875_128.875,1,2
221211,35.2087,128.9731,city,35.25,128.95,35.125,128.875,113.5,29.29454863211669,67.0,8.0,16.742757276332593,40.0,3.0,35.25_128.95,35.125_128.875,2,10
534453,36.2154,127.0439,city,36.25,127.05,36.125,127.125,111.2,39.814438649464726,100.0,7.0,20.88230853692012,54.0,3.0,36.25_127.05,36.125_127.125,1,4
238152,35.1831,128.5629,city,35.15,128.55,35.125,128.625,114.8,28.09563368113245,58.0,9.0,14.38652223034492,29.0,4.0,35.15_128.55,35.125_128.625,1,10
238146,35.2217,128.6983,city,35.25,128.65,35.125,128.625,111.4,29.358668857847164,67.0,7.0,14.605176663927692,33.0,3.0,35.25_128.65,35.125_128.625,5,10
131131,37.7356,127.0408,city,37.75,127.05,37.625,127.125,111.4,34.84483703095042,80.84999999999854,7.0,16.891741988496303,48.0,2.0,37.75_127.05,37.625_127.125,3,25
735124,35.9395,126.7484,city,35.95,126.75,35.875,126.625,114.6,37.15479360852197,88.0,9.0,22.492609853528627,56.0,5.0,35.95_126.75,35.875_126.625,3,6
525172,36.3544,127.3835,city,36.35,127.35,36.375,127.375,112.4,35.56627733260899,82.0,7.0,16.9325682466386,41.0,2.0,36.35_127.35,36.375_127.375,5,12
336355,34.9808,127.5823,city,34.95,127.55,34.875,127.625,108.8,26.039896227738044,57.0,8.0,14.780044874491656,31.0,4.0,34.95_127.55,34.875_127.625,3,12
238378,35.5706,129.2219,city,35.55,129.25,35.625,129.125,114.5,30.48677283934164,65.0,9.0,19.612580795628705,41.0,5.0,35.55_129.25,35.625_129.125,2,2
131454,37.9612,127.3173,city,37.95,127.35,37.875,127.375,113.8,26.691105446740007,64.0,3.0,17.31338878454521,42.0,2.0,37.95_127.35,37.875_127.375,1,1
221172,35.1303,129.0877,city,35.15,129.05,35.125,129.125,114.3,31.02584825006679,69.0,9.0,15.509350788137857,36.0,4.0,35.15_129.05,35.125_129.125,6,19
437211,36.5868,128.1862,city,36.55,128.15,36.625,128.125,115.9,31.63225806451613,74.0,7.0,16.0550362080316,43.0,1.0,36.55_128.15,36.625_128.125,1,1
238184,35.3078,128.7312,city,35.35,128.75,35.375,128.625,114.8,33.796343085106386,74.0,9.0,18.25664893617021,38.0,5.0,35.35_128.75,35.375_128.625,1,1
735131,36.0203,126.9841,city,36.05,126.95,36.125,126.875,114.0,39.67155484130173,90.0,11.0,22.52504352484264,58.0,2.650000000000091,36.05_126.95,36.125_126.875,2,3
131124,37.3826,127.119,city,37.35,127.15,37.375,127.125,112.2,36.26137832505613,88.0,7.0,18.581672222600176,49.0,2.0,37.35_127.15,37.375_127.125,2,14
534491,36.5977,126.6551,city,36.55,126.65,36.625,126.625,112.7,37.257077068942166,88.0,10.0,21.08201273195178,52.0,5.0,36.55_126.65,36.625_126.625,1,3
534452,36.1251,127.0991,city,36.15,127.05,36.125,127.125,109.5,34.624259736640425,84.0,7.0,17.80045983418101,43.0,2.0,36.15_127.05,36.125_127.125,2,4
131246,37.5809,127.2268,city,37.55,127.25,37.625,127.125,113.7,36.11905241258976,81.0,6.0,18.81504597006912,42.0,2.0,37.55_127.25,37.625_127.125,2,25
111141,37.5472,127.0925,city,37.55,127.05,37.625,127.125,115.7,34.66163082200818,80.0,8.0,18.80749439240005,47.0,2.0,37.55_127.05,37.625_127.125,8,25
324142,35.2044,126.8078,city,35.25,126.85,35.125,126.875,113.8,30.604278433476395,71.0,7.0,16.33074034334764,38.0,4.0,35.25_126.85,35.125_126.875,2,12
339113,33.5379,126.6424,city,33.55,126.65,33.625,126.625,110.5,32.10055943089992,74.0,8.0,15.275916845085987,37.0,3.0,33.55_126.65,33.625_126.625,1,2
533115,36.6088,127.5013,city,36.65,127.55,36.625,127.625,110.1,40.64532668190952,99.0,7.0,22.10067207094852,54.0,5.0,36.65_127.55,36.625_127.625,2,3
336222,34.8819,127.5788,city,34.85,127.55,34.875,127.625,112.6,29.92491190024397,70.0,8.0,14.700867443751694,36.0,2.0,34.85_127.55,34.875_127.625,3,12
339111,33.5001,126.5324,city,33.55,126.55,33.625,126.625,110.7,34.41061702861082,79.0,9.0,15.107342295760082,35.0,4.0,33.55_126.55,33.625_126.625,1,2
131244,37.6578,127.3007,city,37.65,127.35,37.625,127.375,114.4,37.7593704148326,86.0,7.0,20.181339202347605,48.0,3.0,37.65_127.35,37.625_127.375,1,2
437171,35.825,128.7433,city,35.85,128.75,35.875,128.625,113.0,33.731870357866306,79.54999999999927,8.0,17.297231600270088,38.0,5.0,35.85_128.75,35.875_128.625,2,16
534444,36.9143,127.0596,city,36.95,127.05,36.875,127.125,113.0,46.17500506380393,106.0,13.0,25.93957193977449,66.0,5.0,36.95_127.05,36.875_127.125,1,8
221212,35.0864,128.8631,city,35.05,128.85,35.125,128.875,112.6,31.62408511791813,72.0,8.0,19.286527514231494,43.0,5.0,35.05_128.85,35.125_128.875,1,10
111221,37.4985,126.8897,city,37.45,126.85,37.375,126.875,112.9,37.79682432432433,93.0,5.0,17.589256756756757,52.0,1.0,37.45_126.85,37.375_126.875,3,29
238151,35.155,128.6895,city,35.15,128.65,35.125,128.625,97.2,26.658084772370486,60.0,7.0,13.03226059654631,27.0,3.0,35.15_128.65,35.125_128.625,1,10
131126,37.4572,127.1312,city,37.45,127.15,37.375,127.125,113.5,38.53639357483702,85.0,11.0,17.99630351502117,50.0,3.0,37.45_127.15,37.375_127.125,3,14
131132,37.7463,127.0477,city,37.75,127.05,37.625,127.125,111.1,38.347115384615385,84.0,10.0,20.39519230769231,50.0,4.0,37.75_127.05,37.625_127.125,3,25
735133,35.9616,127.0042,city,35.95,127.05,35.875,127.125,113.8,41.80376902957549,90.0,14.0,22.420830259539937,54.0,4.0,35.95_127.05,35.875_127.125,2,9
437561,36.2379,128.5746,city,36.25,128.55,36.125,128.625,79.3,31.013183217859893,74.0,6.0,13.818129330254042,34.0,3.0,36.25_128.55,36.125_128.625,1,1
525171,36.3045,127.3667,city,36.35,127.35,36.375,127.375,110.5,34.09450124343741,78.0,6.0,16.83275766786405,42.0,2.0,36.35_127.35,36.375_127.375,5,12
238421,34.9745,128.3243,city,34.95,128.35,34.875,128.375,113.6,28.760634365970027,63.0,9.0,14.054028627108393,33.0,3.0,34.95_128.35,34.875_128.375,1,2
131442,37.2835,127.4409,city,37.25,127.45,37.375,127.375,114.3,35.54873164218959,87.0,6.0,20.64993324432577,53.0,3.0,37.25_127.45,37.375_127.375,2,5
131443,37.1143,127.6297,city,37.15,127.65,37.125,127.625,114.8,37.61791104314873,89.0,7.0,20.950601688717505,53.0,3.0,37.15_127.65,37.125_127.625,1,2
131133,37.7481,127.1059,city,37.75,127.15,37.625,127.125,113.7,33.60613587540279,77.0,6.0,17.73919172932331,42.0,3.0,37.75_127.15,37.625_127.125,2,25
238144,35.2363,128.684,city,35.25,128.65,35.125,128.625,113.3,29.23176890445088,65.0,8.0,13.813143896033935,31.0,3.0,35.25_128.65,35.125_128.625,5,10
336141,35.0217,126.7904,city,35.05,126.75,35.125,126.875,106.7,31.018592677345534,69.0,9.0,16.617276887871853,43.0,1.0,35.05_126.75,35.125_126.875,1,12
534492,36.6533,126.668,city,36.65,126.65,36.625,126.625,112.0,35.254171490839745,87.0,9.0,18.270312606415583,50.0,2.0,36.65_126.65,36.625_126.625,1,3
534451,36.1994,127.0871,city,36.15,127.05,36.125,127.125,108.5,39.13087201125176,89.0,8.0,16.817510548523206,37.0,3.0,36.15_127.05,36.125_127.125,2,4
221213,35.1066,128.9265,city,35.15,128.95,35.125,128.875,115.2,32.263552021206095,72.0,8.0,17.914380384360502,42.0,3.0,35.15_128.95,35.125_128.875,4,10
534445,36.8734,126.8798,city,36.85,126.85,36.875,126.875,112.3,45.74714518760196,106.0,13.0,24.74007612833061,64.0,5.0,36.85_126.85,36.875_126.875,1,4
735522,36.0091,126.6941,city,36.05,126.65,36.125,126.625,106.4,35.19348823866896,86.0,5.0,17.473680436029834,46.0,2.0,36.05_126.65,36.125_126.625,2,3
111181,37.6098,126.9348,city,37.65,126.95,37.625,126.875,106.6,35.45530666284978,83.0,7.0,19.79310098046232,49.0,3.0,37.65_126.95,37.625_126.875,1,16
336223,34.825,127.7318,city,34.85,127.75,34.875,127.625,106.8,28.545675482487493,71.0,8.0,15.176054324517512,39.0,1.0,34.85_127.75,34.875_127.625,2,12
336551,35.2833,127.2899,city,35.25,127.25,35.375,127.375,101.6,30.153135561396923,69.0,7.0,15.06609087495306,33.0,3.0,35.25_127.25,35.375_127.375,1,2
111142,37.5419,127.0494,city,37.55,127.05,37.625,127.125,115.2,36.80523178807947,84.0,9.0,17.725827814569538,42.0,3.0,37.55_127.05,37.625_127.125,8,25
324155,35.1319,126.8933,city,35.15,126.85,35.125,126.875,112.9,34.511321392362284,83.0,8.0,18.424197363974315,42.0,4.0,35.15_126.85,35.125_126.875,4,12
533114,36.6358,127.5036,city,36.65,127.55,36.625,127.625,82.7,33.75244510057206,79.0,7.0,19.21849049640155,47.0,4.0,36.65_127.55,36.625_127.625,2,3
131593,37.2019,127.5452,city,37.25,127.55,37.125,127.625,115.1,47.315011271714624,103.0,12.0,27.0108075852009,67.0,4.0,37.25_127.55,37.125_127.625,1,2
111131,37.54,127.0048,city,37.55,127.05,37.625,127.125,114.8,37.03516585787409,83.0,9.0,20.341753639566576,46.0,4.0,37.55_127.05,37.625_127.125,8,25
131222,37.3177,126.9572,city,37.35,126.95,37.375,126.875,112.3,39.00135961930659,93.0,8.0,18.02161794697485,48.0,2.0,37.35_126.95,37.375_126.875,7,29
534422,36.7799,126.4561,city,36.75,126.45,36.875,126.375,108.9,39.67159680358896,90.0,11.0,20.37011075283892,52.0,4.0,36.75_126.45,36.875_126.375,1,6
437117,36.0301,129.3756,city,36.05,129.35,36.125,129.375,112.0,37.59885503986915,80.0,10.0,17.77918626047843,38.0,5.0,36.05_129.35,36.125_129.375,3,3
238123,35.5156,129.3671,city,35.55,129.35,35.625,129.375,110.8,40.652383576742906,98.0,10.0,17.139707908514744,40.0,4.0,35.55_129.35,35.625_129.375,7,12
336132,34.9471,127.5186,city,34.95,127.55,34.875,127.625,106.8,24.47124383796528,59.0,6.0,13.679145531185254,35.0,2.0,34.95_127.55,34.875_127.625,3,12
735141,35.5684,126.8459,city,35.55,126.85,35.625,126.875,114.0,35.71792812688215,85.0,9.0,20.440808405273373,48.0,5.0,35.55_126.85,35.625_126.875,1,3
336442,34.8075,126.7006,city,34.85,126.75,34.875,126.625,112.6,32.642992680943344,73.0,9.0,14.965437788018432,37.0,1.0,34.85_126.75,34.875_126.625,1,1
131381,37.6249,126.8419,city,37.65,126.85,37.625,126.875,115.0,35.998540436542164,83.0,8.0,18.992436807536656,48.0,3.0,37.65_126.85,37.625_126.875,3,16
131395,37.351,127.3523,city,37.35,127.35,37.375,127.375,113.9,38.7895724433722,97.0,8.0,21.6931376491087,59.0,2.0,37.35_127.35,37.375_127.375,1,5
823662,37.5462,126.7303,city,37.55,126.75,37.625,126.625,108.9,38.43100308209583,91.0,9.0,17.742294760437098,46.0,3.0,37.55_126.75,37.625_126.625,4,11
131342,36.9859,126.9314,city,36.95,126.95,36.875,126.875,114.1,44.94192814611628,102.0,13.0,25.26660868401686,61.0,6.0,36.95_126.95,36.875_126.875,1,4
336481,34.4793,126.2688,city,34.45,126.25,34.375,126.375,108.9,28.088666152659982,62.0,7.0,12.305460152800167,27.0,3.0,34.45_126.25,34.375_126.375,1,1
131343,36.9746,126.8455,city,36.95,126.85,36.875,126.875,103.9,48.358654128709965,113.0,11.0,23.283426388480752,58.0,5.0,36.95_126.85,36.875_126.875,1,4
238491,35.3158,128.2538,city,35.35,128.25,35.375,128.375,112.8,25.663644360240884,56.0,8.0,16.504364300696935,35.0,4.0,35.35_128.25,35.375_128.375,1,2
131394,37.3662,127.2286,city,37.35,127.25,37.375,127.125,114.9,37.34861166467384,87.0,10.0,20.0320180682875,53.0,3.0,37.35_127.25,37.375_127.125,2,14
735381,35.3744,127.1374,city,35.35,127.15,35.375,127.125,113.0,31.90895582871809,71.0,9.0,17.613332432797513,40.0,3.0,35.35_127.15,35.375_127.125,1,1
632161,37.4426,129.1684,city,37.45,129.15,37.375,129.125,115.1,24.80251905866755,55.0,6.0,12.443950944647,30.0,2.0,37.45_129.15,37.375_129.125,1,1
111291,37.6479,127.0119,city,37.65,127.05,37.625,127.125,115.3,37.17433013562686,85.0,9.0,19.16341382732385,47.0,2.0,37.65_127.05,37.625_127.125,4,25
131141,37.3849,126.9315,city,37.35,126.95,37.375,126.875,112.4,35.00597460791636,83.0,8.0,21.549663928304707,53.0,5.0,37.35_126.95,37.375_126.875,7,29
131196,37.2437,126.5853,city,37.25,126.55,37.125,126.625,113.3,32.99050568985253,81.0,7.0,16.34145848764393,42.0,2.0,37.25_126.55,37.125_126.625,1,2
336133,34.8855,127.5098,city,34.85,127.55,34.875,127.625,102.6,26.44995538370018,58.0,7.0,11.367638310529449,27.0,2.0,34.85_127.55,34.875_127.625,3,12
336127,34.7774,127.6524,city,34.75,127.65,34.875,127.625,106.7,26.355886139321985,60.0,8.0,14.031826634244029,33.0,3.0,34.75_127.65,34.875_127.625,1,12
238122,35.4973,129.339,city,35.45,129.35,35.375,129.375,113.6,35.0184040838259,81.0,9.0,17.35243148844707,41.0,4.0,35.45_129.35,35.375_129.375,4,4
437116,35.9631,129.3768,city,35.95,129.35,35.875,129.375,97.6,42.62964121003674,93.0,11.0,19.106386305010552,42.0,6.0,35.95_129.35,35.875_129.375,5,8
534423,36.938,126.4339,city,36.95,126.45,36.875,126.375,112.1,33.418493803622496,81.0,11.0,17.151777202778156,47.0,2.0,36.95_126.45,36.875_126.375,1,6
131223,37.3442,126.969,city,37.35,126.95,37.375,126.875,113.7,34.46345882826656,85.0,7.0,15.73679618817529,46.0,0.0,37.35_126.95,37.375_126.875,7,29
131551,37.2115,126.824,city,37.25,126.85,37.125,126.875,114.4,39.135450723960766,90.0,10.0,20.00587175552145,54.0,2.0,37.25_126.85,37.125_126.875,3,5
324133,35.1739,126.9322,city,35.15,126.95,35.125,126.875,113.4,29.798882681564248,73.0,7.0,15.548697583630611,36.0,3.0,35.15_126.95,35.125_126.875,2,12
131592,37.3712,127.5847,city,37.35,127.55,37.375,127.625,114.6,37.51724367509987,86.0,8.0,23.89420772303595,56.0,5.0,37.35_127.55,37.375_127.625,1,3
324125,35.1619,126.8442,city,35.15,126.85,35.125,126.875,113.8,36.7892196299276,86.0,8.0,18.447975328506303,42.0,4.0,35.15_126.85,35.125_126.875,4,12
131584,37.0745,127.4244,city,37.05,127.45,37.125,127.375,114.6,44.203570476951775,105.0,9.0,24.30395683453237,66.0,3.0,37.05_127.45,37.125_127.375,1,3
633123,36.9821,127.9192,city,36.95,127.95,36.875,127.875,112.1,40.72597889002383,92.0,9.0,23.70187265917603,56.0,5.0,36.95_127.95,36.875_127.875,3,6
131553,37.1969,127.0723,city,37.15,127.05,37.125,127.125,113.8,37.91727004558863,89.0,8.0,19.74148565299008,54.0,1.0,37.15_127.05,37.125_127.125,2,9
131235,37.3801,126.804,city,37.35,126.85,37.375,126.875,115.0,41.10619938935351,96.0,10.0,21.913181999203506,55.0,4.0,37.35_126.85,37.375_126.875,7,29
534421,36.9897,126.3853,city,36.95,126.35,36.875,126.375,112.6,38.39178750508199,92.0,12.0,14.596490039300718,45.0,1.0,36.95_126.35,36.875_126.375,1,6
437114,36.0188,129.3658,city,36.05,129.35,36.125,129.375,112.3,33.989533065996056,74.0,10.0,15.53041527900496,34.0,4.0,36.05_129.35,36.125_129.375,3,3
238134,35.1248,128.0997,city,35.15,128.05,35.125,128.125,110.3,29.226533859030223,65.0,8.0,17.013349934287888,41.0,2.0,35.15_128.05,35.125_128.125,3,5
735181,35.8049,126.8914,city,35.85,126.85,35.875,126.875,112.1,39.46539168311441,90.0,12.0,23.25896685496495,58.0,5.0,35.85_126.85,35.875_126.875,1,3
238120,35.5028,129.4184,city,35.55,129.45,35.625,129.375,114.1,30.750835673218344,70.0,8.0,14.332731648616123,34.0,3.0,35.55_129.45,35.625_129.375,2,12
336131,34.9476,127.4891,city,34.95,127.45,34.875,127.375,107.3,24.79109783845279,59.0,6.0,12.390998293515358,32.0,1.0,34.95_127.45,34.875_127.375,1,2
336125,34.7546,127.7029,city,34.75,127.75,34.875,127.625,110.4,27.51406844106464,69.0,7.0,14.533771171793983,37.0,2.0,34.75_127.75,34.875_127.625,3,12
735142,35.688,126.8868,city,35.65,126.85,35.625,126.875,114.2,36.49355075853773,82.89999999999964,11.0,20.06983893604224,48.0,5.0,35.65_126.85,35.625_126.875,2,3
422121,35.8691,128.711,city,35.85,128.75,35.875,128.625,113.8,34.858455142818826,82.0,7.0,17.87186536140539,44.0,3.0,35.85_128.75,35.875_128.625,2,16
336441,34.7574,126.4527,city,34.75,126.45,34.875,126.375,112.9,36.58799269826245,80.0,10.0,19.09674802244608,46.0,3.0,34.75_126.45,34.875_126.375,1,4
131382,37.6855,126.8134,city,37.65,126.85,37.625,126.875,113.5,40.75678945953213,94.0,10.0,18.895738101640227,49.0,3.0,37.65_126.85,37.625_126.875,3,16
132112,37.8756,127.7205,city,37.85,127.75,37.875,127.625,106.2,30.74170377819279,69.0,5.0,14.985275104151702,41.0,1.0,37.85_127.75,37.875_127.625,2,4
131341,36.9923,127.1128,city,36.95,127.15,36.875,127.125,112.2,46.22629574207591,107.0,13.0,22.92123520609441,60.0,3.0,36.95_127.15,36.875_127.125,1,8
132113,37.8571,127.7495,city,37.85,127.75,37.875,127.625,81.4,28.43422409751524,65.0,4.0,17.44941397093296,46.0,1.0,37.85_127.75,37.875_127.625,2,4
238451,35.5203,127.725,city,35.55,127.75,35.625,127.625,112.2,27.130278098864487,61.0,7.0,15.006051540082954,35.0,3.0,35.55_127.75,35.625_127.625,1,2
131142,37.3941,126.958,city,37.35,126.95,37.375,126.875,112.8,40.25181024565202,89.0,12.0,19.9909318535562,50.0,3.0,37.35_126.95,37.375_126.875,7,29
735143,35.609,126.8528,city,35.65,126.85,35.625,126.875,114.2,35.82212277069,82.0,11.0,20.135528688798345,49.0,5.0,35.65_126.85,35.625_126.875,2,3
111251,37.4874,126.9271,city,37.45,126.95,37.375,126.875,114.3,38.1012818800908,87.0,10.0,19.486179730271065,47.0,3.0,37.45_126.95,37.375_126.875,5,29
131195,37.332,126.8611,city,37.35,126.85,37.375,126.875,113.8,38.7292351008916,94.0,8.0,16.54327277602735,47.0,1.0,37.35_126.85,37.375_126.875,7,29
238121,35.5563,129.3205,city,35.55,129.35,35.625,129.375,113.9,29.603148024112524,65.0,10.0,18.071064969859343,40.0,5.0,35.55_129.35,35.625_129.375,7,12
437115,35.9684,129.36,city,35.95,129.35,35.875,129.375,97.3,32.73299333071793,72.0,9.0,15.34342879560612,35.0,3.0,35.95_129.35,35.875_129.375,5,8
633491,36.4837,127.717,city,36.45,127.75,36.375,127.625,97.9,34.234601590519254,80.0,7.0,18.882036488382973,47.0,4.0,36.45_127.75,36.375_127.625,1,2
534434,36.8899,126.6458,city,36.85,126.65,36.875,126.625,110.8,42.39016664371299,95.0,14.0,22.42239360969564,58.0,4.0,36.85_126.65,36.875_126.625,1,2
131552,37.1324,126.9202,city,37.15,126.95,37.125,126.875,111.0,40.6797772124046,96.0,9.0,24.02344770680052,58.0,6.0,37.15_126.95,37.125_126.875,1,5
131234,37.3861,126.8618,city,37.35,126.85,37.375,126.875,115.5,42.95522092332079,98.0,12.0,21.43372300376461,56.0,3.0,37.35_126.85,37.375_126.875,7,29
633122,36.9646,127.9262,city,36.95,127.95,36.875,127.875,111.6,39.523721629751165,91.0,9.0,20.53103636860815,49.0,4.0,36.95_127.95,36.875_127.875,3,6
131591,37.2987,127.6289,city,37.25,127.65,37.375,127.625,115.0,38.69943615257048,89.0,8.0,21.056185737976783,56.0,1.0,37.25_127.65,37.375_127.625,1,3
324124,35.099,126.8961,city,35.05,126.85,35.125,126.875,114.2,28.517105438995056,69.0,7.0,16.473673660296672,38.75,4.0,35.05_126.85,35.125_126.875,1,12
131581,37.0076,127.2799,city,37.05,127.25,37.125,127.375,113.9,35.172416102887,92.0,4.0,19.66883247370889,58.0,0.0,37.05_127.25,37.125_127.375,1,3
111123,37.572,127.005,city,37.55,127.05,37.625,127.125,115.2,34.593828631969274,80.0,7.0,19.45258906105152,48.0,3.0,37.55_127.05,37.625_127.125,8,25
131542,37.567,127.1861,city,37.55,127.15,37.625,127.125,114.2,39.93539119396005,87.0,10.0,17.25616355983163,38.0,4.0,37.55_127.15,37.625_127.125,3,25
633132,37.1241,128.2006,city,37.15,128.25,37.125,128.125,111.5,39.15097180399672,89.0,9.0,19.98576512455516,47.0,4.0,37.15_128.25,37.125_128.125,2,3
633481,36.8134,127.613,city,36.85,127.65,36.875,127.625,111.2,39.48171526586621,90.0,9.0,21.58229845626072,52.0,4.0,36.85_127.65,36.875_127.625,1,4
534424,36.8391,126.4609,city,36.85,126.45,36.875,126.375,111.5,34.9337440109514,88.0,8.0,18.47850787132101,48.0,3.0,36.85_126.45,36.875_126.375,1,6
534342,36.447,127.1192,city,36.45,127.15,36.375,127.125,113.1,36.08687141410732,83.0,9.0,21.860816739790756,53.0,5.0,36.45_127.15,36.375_127.125,1,3
111241,37.4809,126.9715,city,37.45,126.95,37.375,126.875,113.8,37.062005630781606,85.0,10.0,20.827255664298164,51.0,4.0,37.45_126.95,37.375_126.875,5,29
336134,34.8935,127.573,city,34.85,127.55,34.875,127.625,94.4,31.14868686868687,77.0,8.0,16.728323232323234,38.0,4.0,34.85_127.55,34.875_127.625,3,12
238131,35.1959,128.0745,city,35.15,128.05,35.125,128.125,98.1,29.17934951758481,66.0,7.0,15.745564892623715,37.0,2.0,35.15_128.05,35.125_128.125,3,5
238125,35.5444,129.3318,city,35.55,129.35,35.625,129.375,114.5,33.00660044002934,71.0,10.0,18.05527035135676,40.0,5.0,35.55_129.35,35.625_129.375,7,12
525111,36.3728,127.4172,city,36.35,127.45,36.375,127.375,112.7,38.646987136086665,90.0,8.0,19.200812457684496,47.0,3.0,36.35_127.45,36.375_127.375,4,12
238441,35.2723,128.4081,city,35.25,128.45,35.375,128.375,112.8,27.72510148849797,60.0,9.0,15.851962110960756,36.0,3.0,35.25_128.45,35.375_128.375,1,2
131344,37.0816,127.0601,city,37.05,127.05,37.125,127.125,114.9,43.6918631683826,101.0,11.0,25.822451012952502,63.0,6.0,37.05_127.05,37.125_127.125,2,9
131345,37.0203,126.9182,city,37.05,126.95,37.125,126.875,114.0,41.38055704338511,99.25,10.0,24.7609132297804,61.0,5.0,37.05_126.95,37.125_126.875,1,5
131392,37.4112,127.2579,city,37.45,127.25,37.375,127.375,113.6,40.9995970179327,94.0,11.0,19.808180535966148,53.0,2.0,37.45_127.25,37.375_127.375,1,5
735152,35.4398,127.5289,city,35.45,127.55,35.375,127.625,108.4,30.993031113613966,73.0,7.0,17.510770097142053,43.0,3.0,35.45_127.55,35.375_127.625,1,1
131621,37.4872,127.5962,city,37.45,127.55,37.375,127.625,114.7,31.834076242432307,76.0,5.0,17.297784578537687,47.0,0.0,37.45_127.55,37.375_127.625,1,3
238124,35.529,129.3262,city,35.55,129.35,35.625,129.375,115.0,31.88533510285335,71.0,9.0,15.432647644326476,37.0,3.0,35.55_129.35,35.625_129.375,7,12
735191,35.9764,127.2055,city,35.95,127.25,35.875,127.125,112.3,33.468737257034114,78.0,8.0,19.332812287617237,44.0,4.0,35.95_127.25,35.875_127.125,1,9
238130,35.5595,129.3711,city,35.55,129.35,35.625,129.375,114.7,36.9361107413816,78.0,12.0,16.79582057766538,40.0,3.0,35.55_129.35,35.625_129.375,7,12
336135,34.9364,127.5484,city,34.95,127.55,34.875,127.625,108.4,27.97036254839845,69.0,7.0,13.780288630763817,33.0,2.0,34.95_127.55,34.875_127.625,3,12
534343,36.3086,127.0671,city,36.35,127.05,36.375,127.125,110.2,37.48081983104833,85.0,10.0,21.63384572773854,53.0,4.0,36.35_127.05,36.375_127.125,1,3
633133,37.0002,128.1677,city,37.05,128.15,37.125,128.125,114.1,31.719464882943143,73.54999999999927,8.0,17.46086956521739,43.0,4.0,37.05_128.15,37.125_128.125,1,3
131557,37.2196,126.9491,city,37.25,126.95,37.125,126.875,106.0,50.09045081376927,107.0,18.0,23.7304479331701,61.0,5.0,37.25_126.95,37.125_126.875,3,5
336531,34.9905,126.4765,city,34.95,126.45,34.875,126.375,112.5,33.35567464893833,74.0,9.0,15.913777898378672,38.0,1.0,34.95_126.45,34.875_126.375,1,4
324121,35.1549,126.8885,city,35.15,126.85,35.125,126.875,112.8,30.290093382054405,71.0,9.0,17.132291243740696,40.0,4.0,35.15_126.85,35.125_126.875,4,12
131555,37.1961,127.1195,city,37.15,127.15,37.125,127.125,109.8,38.29183176920403,90.0,8.0,20.89753215154675,53.0,3.0,37.15_127.15,37.125_127.125,2,9
131233,37.4431,126.7884,city,37.45,126.75,37.375,126.875,111.5,38.63745210727969,93.0,9.0,22.816570881226053,54.0,6.0,37.45_126.75,37.375_126.875,7,29
131541,37.5391,127.2146,city,37.55,127.25,37.625,127.125,112.4,34.55944055944056,85.0,2.0,18.147328399755583,44.0,2.0,37.55_127.25,37.625_127.125,2,25
633131,37.1451,128.2207,city,37.15,128.25,37.125,128.125,111.6,42.87870914809244,95.0,11.0,19.730479967181733,48.75,3.0,37.15_128.25,37.125_128.125,2,3
633125,36.9052,127.9641,city,36.95,127.95,36.875,127.875,114.3,33.753789649415694,74.0,9.0,18.935759599332226,44.0,4.0,36.95_127.95,36.875_127.875,3,6
437112,35.9802,129.3748,city,35.95,129.35,35.875,129.375,110.0,37.62745370049248,82.0,13.0,16.971214538392175,36.0,6.0,35.95_129.35,35.875_129.375,5,8
221271,35.1575,129.1181,city,35.15,129.15,35.125,129.125,115.1,31.085195252933765,69.0,9.0,13.409401312736192,32.0,2.0,35.15_129.15,35.125_129.125,4,19
633482,36.7677,127.6049,city,36.75,127.65,36.875,127.625,114.9,33.05160733262487,74.0,8.0,17.451381509032945,41.0,4.0,36.75_127.65,36.875_127.625,1,4
238132,35.1921,128.0837,city,35.15,128.05,35.125,128.125,109.5,32.73756097560975,70.0,9.0,14.162787456445994,31.0,4.0,35.15_128.05,35.125_128.125,3,5
735193,35.7291,127.1355,city,35.75,127.15,35.625,127.125,112.0,31.69655266385066,75.0,10.0,17.244583730753508,43.0,3.0,35.75_127.15,35.625_127.125,2,1
131145,37.4051,126.9176,city,37.45,126.95,37.375,126.875,105.0,36.19201976887855,84.0,7.0,18.63209535576713,50.0,2.0,37.45_126.95,37.375_126.875,5,29
632171,37.3607,128.389,city,37.35,128.35,37.375,128.375,112.2,28.645554119327844,68.0,3.0,14.079325124158109,36.0,1.0,37.35_128.35,37.375_128.375,1,1
111281,37.4524,126.9083,city,37.45,126.95,37.375,126.875,113.0,33.972514856834145,79.0,8.0,19.74230145867099,49.0,3.0,37.45_126.95,37.375_126.875,5,29
131384,37.6664,126.8867,city,37.65,126.85,37.625,126.875,110.2,38.16019383869851,82.0,11.0,21.32931810314988,50.0,4.0,37.65_126.85,37.625_126.875,3,16
525112,36.4469,127.4047,city,36.45,127.45,36.375,127.375,113.7,37.38638040925864,88.0,8.0,19.70754780275076,51.0,2.0,36.45_127.45,36.375_127.375,1,12
735391,35.6474,127.5212,city,35.65,127.55,35.625,127.625,112.1,29.653555631167063,72.0,6.0,16.466349098332767,42.0,1.0,35.65_127.55,35.625_127.625,1,2
632372,37.3797,128.6616,city,37.35,128.65,37.375,128.625,101.4,30.82164886414924,75.0,4.0,13.737550774785618,37.0,1.0,37.35_128.65,37.375_128.625,1,1
131346,37.0533,127.0462,city,37.05,127.05,37.125,127.125,115.1,40.1229279936348,96.0,9.0,22.16363877469832,59.0,3.0,37.05_127.05,37.125_127.125,2,9
422132,35.8696,128.5453,city,35.85,128.55,35.875,128.625,114.0,33.36957976445396,79.0,8.0,17.951017130620986,43.0,4.0,35.85_128.55,35.875_128.625,7,16
221112,35.0999,129.0305,city,35.05,129.05,35.125,129.125,114.5,27.634908993932928,64.0,6.0,15.48843256217081,36.0,3.0,35.05_129.05,35.125_129.125,3,19
336452,35.0653,126.9859,city,35.05,126.95,35.125,126.875,110.1,29.278347657332965,65.0,7.0,13.9063626282229,31.0,2.0,35.05_126.95,35.125_126.875,1,12
131385,37.6683,126.7564,city,37.65,126.75,37.625,126.875,109.2,36.77749825296995,84.0,10.0,19.81236897274633,48.0,4.0,37.65_126.75,37.625_126.875,3,16
735151,35.4077,127.3846,city,35.45,127.35,35.375,127.375,99.0,33.29855117139334,73.0,10.0,17.7422934648582,39.0,4.0,35.45_127.35,35.375_127.375,1,2
131144,37.3676,126.9587,city,37.35,126.95,37.375,126.875,113.7,40.52765843179377,99.0,7.0,20.98684210526316,54.0,3.0,37.35_126.95,37.375_126.875,7,29
131622,37.4971,127.4866,city,37.45,127.45,37.375,127.375,114.3,36.82818236432815,88.0,8.0,20.76243241439156,54.0,2.0,37.45_127.45,37.375_127.375,1,5
735192,35.9418,127.1661,city,35.95,127.15,35.875,127.125,113.7,36.63421670580343,84.0,10.0,20.926870177792686,49.0,4.0,35.95_127.15,35.875_127.125,1,9
238133,35.1809,128.1225,city,35.15,128.15,35.125,128.125,114.7,32.04070231444533,64.0,11.0,17.779529130087788,36.0,5.0,35.15_128.15,35.125_128.125,1,5
238127,35.5347,129.3081,city,35.55,129.35,35.625,129.375,113.1,30.05208825315431,66.0,9.0,17.01875716888199,38.0,4.0,35.55_129.35,35.625_129.375,7,12
131193,37.2892,126.8644,city,37.25,126.85,37.375,126.875,95.1,35.98402376364804,90.0,6.0,17.46917148362235,45.0,2.0,37.25_126.85,37.375_126.875,3,29
633124,37.0165,127.8227,city,37.05,127.85,37.125,127.875,114.8,36.538011695906434,83.0,10.0,20.34150717703349,47.0,5.0,37.05_127.85,37.125_127.875,1,1
634111,36.3064,127.5712,city,36.35,127.55,36.375,127.625,108.7,34.789566072180875,78.0,9.0,19.57112765061087,47.0,4.0,36.35_127.55,36.375_127.625,1,2
131554,37.0898,126.8154,city,37.05,126.85,37.125,126.875,113.2,42.00370819848976,98.0,11.0,23.728964401294498,59.0,5.0,37.05_126.85,37.125_126.875,1,5
131583,37.0012,127.1726,city,37.05,127.15,37.125,127.125,113.9,41.44407982855612,104.0,6.0,23.99082507366729,66.0,3.0,37.05_127.15,37.125_127.125,1,9
324136,35.2181,126.8924,city,35.25,126.85,35.125,126.875,114.2,25.01569806279225,59.0,7.0,15.292852371409486,35.0,3.0,35.25_126.85,35.125_126.875,2,12
111121,37.5643,126.9747,city,37.55,126.95,37.625,126.875,106.8,31.73987282989212,74.0,7.0,19.518182467671643,47.0,3.0,37.55_126.95,37.625_126.875,4,16
